order,reverse-order,concurrency-coincidence
antedate,follow,Accompany
precede,postdate,Conform
predate,later,Correspond
succeed,past,Harmonize
consecutive,precedent,Parallel
earlier,previous,Accompanying
former,prior,Attending
next,prevously,Coexistent
subsequent,,Concomitant
succeding,,Concurrent
successive,,Imminent
afterward,,Simultaneous
consecutively,,Synchronic
consequently,,Thereupon
directly,,When
hereafter,,While
subsequently,,Along
successively,,Amidst
then,,During
thenceforth,,Throughout
thereafter,,With